{
    "name": "root",
    "gauges": {
        "12_TestRun_Shooter_Shooter.Policy.Entropy.mean": {
            "value": 1.5371168851852417,
            "min": 1.4189382791519165,
            "max": 1.5371168851852417,
            "count": 726
        },
        "12_TestRun_Shooter_Shooter.Environment.EpisodeLength.mean": {
            "value": 19.49019607843137,
            "min": 16.857142857142858,
            "max": 53.578947368421055,
            "count": 726
        },
        "12_TestRun_Shooter_Shooter.Policy.ExtrinsicValueEstimate.mean": {
            "value": 0.3041969835758209,
            "min": -0.6902726888656616,
            "max": 0.4218693673610687,
            "count": 726
        },
        "12_TestRun_Shooter_Shooter.Policy.CuriosityValueEstimate.mean": {
            "value": 0.09289214015007019,
            "min": 0.08712748438119888,
            "max": 0.3648914098739624,
            "count": 726
        },
        "12_TestRun_Shooter_Shooter.Environment.CumulativeReward.mean": {
            "value": 0.576729975938797,
            "min": -0.9538880112843636,
            "max": 0.8056833233152118,
            "count": 726
        },
        "12_TestRun_Shooter_Shooter.Policy.ExtrinsicReward.mean": {
            "value": 0.576729975938797,
            "min": -0.9538880112843636,
            "max": 0.8056833233152118,
            "count": 726
        },
        "12_TestRun_Shooter_Shooter.Policy.CuriosityReward.mean": {
            "value": 0.0024963619047775865,
            "min": 0.0,
            "max": 0.031941878027282655,
            "count": 726
        },
        "12_TestRun_Shooter_Shooter.IsTraining.mean": {
            "value": 1.0,
            "min": 1.0,
            "max": 1.0,
            "count": 726
        },
        "12_TestRun_Shooter_Shooter.Losses.ValueLoss.mean": {
            "value": 0.06880360096693039,
            "min": 0.02734079770743847,
            "max": 0.1320161074399948,
            "count": 35
        },
        "12_TestRun_Shooter_Shooter.Losses.PolicyLoss.mean": {
            "value": 0.012806873768568039,
            "min": 0.012095524929463863,
            "max": 0.02353886514902115,
            "count": 35
        },
        "12_TestRun_Shooter_Shooter.Policy.LearningRate.mean": {
            "value": 0.0002461914555169642,
            "min": 0.0002461914555169642,
            "max": 0.00029846368124708533,
            "count": 35
        },
        "12_TestRun_Shooter_Shooter.Losses.CuriosityForwardLoss.mean": {
            "value": 0.012929504737257957,
            "min": 0.012841539457440376,
            "max": 0.21616291999816895,
            "count": 35
        },
        "12_TestRun_Shooter_Shooter.Losses.CuriosityInverseLoss.mean": {
            "value": 0.4503459334373474,
            "min": 0.4244683086872101,
            "max": 0.4525047242641449,
            "count": 35
        }
    },
    "metadata": {
        "timer_format_version": "0.1.0",
        "start_time_seconds": "1591050952",
        "python_version": "3.7.5 (v3.7.5:5c02a39a0b, Oct 14 2019, 18:49:57) \n[Clang 6.0 (clang-600.0.57)]",
        "command_line_arguments": "/Library/Frameworks/Python.framework/Versions/3.7/bin/mlagents-learn trainer_config.yaml --run-id=12_TestRun_Shooter --force",
        "mlagents_version": "0.16.0",
        "mlagents_envs_version": "0.16.0",
        "communication_protocol_version": "1.0.0",
        "tensorflow_version": "2.2.0",
        "end_time_seconds": "1591051732"
    },
    "total": 779.714243376,
    "count": 1,
    "self": 0.0006907749999527368,
    "children": {
        "run_training.setup": {
            "total": 0.0071627499999999955,
            "count": 1,
            "self": 0.0071627499999999955
        },
        "TrainerController.start_learning": {
            "total": 779.706389851,
            "count": 1,
            "self": 21.073103536003828,
            "children": {
                "TrainerController._reset_env": {
                    "total": 7.063555538,
                    "count": 1,
                    "self": 7.063555538
                },
                "TrainerController.advance": {
                    "total": 751.2549263639963,
                    "count": 42013,
                    "self": 0.551651587992751,
                    "children": {
                        "env_step": {
                            "total": 750.7032747760036,
                            "count": 42013,
                            "self": 729.9244258440091,
                            "children": {
                                "SubprocessEnvManager._take_step": {
                                    "total": 20.21421034500306,
                                    "count": 42013,
                                    "self": 1.3329303650070443,
                                    "children": {
                                        "NNPolicy.evaluate": {
                                            "total": 18.881279979996016,
                                            "count": 22714,
                                            "self": 18.881279979996016
                                        }
                                    }
                                },
                                "workers": {
                                    "total": 0.5646385869914479,
                                    "count": 42012,
                                    "self": 0.0,
                                    "children": {
                                        "worker_root": {
                                            "total": 777.8046258589922,
                                            "count": 42012,
                                            "is_parallel": true,
                                            "self": 204.70726708499262,
                                            "children": {
                                                "run_training.setup": {
                                                    "total": 0.0,
                                                    "count": 0,
                                                    "is_parallel": true,
                                                    "self": 0.0,
                                                    "children": {
                                                        "steps_from_proto": {
                                                            "total": 0.0017734970000002903,
                                                            "count": 1,
                                                            "is_parallel": true,
                                                            "self": 0.00020365300000158015,
                                                            "children": {
                                                                "_process_vector_observation": {
                                                                    "total": 0.0015698439999987102,
                                                                    "count": 6,
                                                                    "is_parallel": true,
                                                                    "self": 0.0015698439999987102
                                                                }
                                                            }
                                                        },
                                                        "UnityEnvironment.step": {
                                                            "total": 0.030601275000000427,
                                                            "count": 1,
                                                            "is_parallel": true,
                                                            "self": 0.00013289300000174364,