{
    "name": "root",
    "gauges": {
        "14_TestRun_Shooter_Shooter.Policy.Entropy.mean": {
            "value": 1.4897443056106567,
            "min": 1.4795055389404297,
            "max": 1.4897444248199463,
            "count": 103
        },
        "14_TestRun_Shooter_Shooter.Environment.Lesson.mean": {
            "value": 1.0,
            "min": 1.0,
            "max": 1.0,
            "count": 103
        },
        "14_TestRun_Shooter_Shooter.Environment.EpisodeLength.mean": {
            "value": 23.487179487179485,
            "min": 19.333333333333332,
            "max": 32.0,
            "count": 103
        },
        "14_TestRun_Shooter_Shooter.Policy.ExtrinsicValueEstimate.mean": {
            "value": -0.607216477394104,
            "min": -0.6245017647743225,
            "max": -0.3062082529067993,
            "count": 103
        },
        "14_TestRun_Shooter_Shooter.Policy.CuriosityValueEstimate.mean": {
            "value": -0.10075117647647858,
            "min": -0.10437603294849396,
            "max": -0.020708436146378517,
            "count": 103
        },
        "14_TestRun_Shooter_Shooter.Environment.CumulativeReward.mean": {
            "value": -0.6748963534832001,
            "min": -0.9076500087976456,
            "max": -0.447432117536664,
            "count": 103
        },
        "14_TestRun_Shooter_Shooter.Policy.ExtrinsicReward.mean": {
            "value": -0.6748963534832001,
            "min": -0.9076500087976456,
            "max": -0.447432117536664,
            "count": 103
        },
        "14_TestRun_Shooter_Shooter.Policy.CuriosityReward.mean": {
            "value": 0.0056039105722447856,
            "min": 0.0,
            "max": 0.008423592380219789,
            "count": 103
        },
        "14_TestRun_Shooter_Shooter.IsTraining.mean": {
            "value": 1.0,
            "min": 1.0,
            "max": 1.0,
            "count": 103
        },
        "14_TestRun_Shooter_Shooter.Losses.ValueLoss.mean": {
            "value": 0.030584726482629776,
            "min": 0.030584726482629776,
            "max": 0.04657823219895363,
            "count": 4
        },
        "14_TestRun_Shooter_Shooter.Losses.PolicyLoss.mean": {
            "value": 0.01699891686439514,
            "min": 0.014206203632056713,
            "max": 0.018646206706762314,
            "count": 4
        },
        "14_TestRun_Shooter_Shooter.Policy.LearningRate.mean": {
            "value": 0.0002663375926204026,
            "min": 0.0002663375926204026,
            "max": 0.00027095075347460806,
            "count": 4
        },
        "14_TestRun_Shooter_Shooter.Losses.CuriosityForwardLoss.mean": {
            "value": 0.023973260074853897,
            "min": 0.023973260074853897,
            "max": 0.02890414372086525,
            "count": 4
        },
        "14_TestRun_Shooter_Shooter.Losses.CuriosityInverseLoss.mean": {
            "value": 0.46701672673225403,
            "min": 0.46281343698501587,
            "max": 0.46701672673225403,
            "count": 4
        }
    },
    "metadata": {
        "timer_format_version": "0.1.0",
        "start_time_seconds": "1591093316",
        "python_version": "3.7.5 (v3.7.5:5c02a39a0b, Oct 14 2019, 18:49:57) \n[Clang 6.0 (clang-600.0.57)]",
        "command_line_arguments": "/Library/Frameworks/Python.framework/Versions/3.7/bin/mlagents-learn trainer_config.yaml --run-id=14_TestRun_Shooter --curriculum=./curricula/shooting.yaml --resume --lesson=1",
        "mlagents_version": "0.16.0",
        "mlagents_envs_version": "0.16.0",
        "communication_protocol_version": "1.0.0",
        "tensorflow_version": "2.2.0",
        "end_time_seconds": "1591093437"
    },
    "total": 120.524591949,
    "count": 1,
    "self": 0.0006397840000005317,
    "children": {
        "run_training.setup": {
            "total": 0.006828393999999793,
            "count": 1,
            "self": 0.006828393999999793
        },
        "TrainerController.start_learning": {
            "total": 120.517123771,
            "count": 1,
            "self": 6.191421243000548,
            "children": {
                "TrainerController._reset_env": {
                    "total": 7.66910382,
                    "count": 1,
                    "self": 7.66910382
                },
                "TrainerController.advance": {
                    "total": 106.32079376699944,
                    "count": 6147,
                    "self": 0.11844359399944437,
                    "children": {
                        "env_step": {
                            "total": 106.202350173,
                            "count": 6147,
                            "self": 103.02073388600012,
                            "children": {
                                "SubprocessEnvManager._take_step": {
                                    "total": 3.100627400999862,
                                    "count": 6147,
                                    "self": 0.19049343199991142,
                                    "children": {
                                        "NNPolicy.evaluate": {
                                            "total": 2.9101339689999506,
                                            "count": 3239,
                                            "self": 2.9101339689999506
                                        }
                                    }
                                },
                                "workers": {
                                    "total": 0.08098888600002319,
                                    "count": 6147,
                                    "self": 0.0,
                                    "children": {
                                        "worker_root": {
                                            "total": 117.25081922200017,
                                            "count": 6147,
                                            "is_parallel": true,
                                            "self": 36.999851660000004,
                                            "children": {
                                                "run_training.setup": {
                                                    "total": 0.0,
                                                    "count": 0,
                                                    "is_parallel": true,
                                                    "self": 0.0,
                                                    "children": {
                                                        "steps_from_proto": {
                                                            "total": 0.001971013999998661,
                                                            "count": 1,
                                                            "is_parallel": true,
                                                            "self": 0.00022128900000062401,
                                                            "children": {
                                                                "_process_vector_observation": {
                                                                    "total": 0.0017497249999980369,
                                                                    "count": 6,
                                                                    "is_parallel": true,
                                                                    "self": 0.0017497249999980369
                                                                }
                                                            }
                                                        },
                                                        "UnityEnvironment.step": {
                                                            "total": 0.04562719100000123,
                                                            "count": 1,
                                                            "is_parallel": true,