Steps,Policy/Entropy,Environment/Lesson,Environment/Episode Length,Policy/Extrinsic Value Estimate,Policy/Curiosity Value Estimate,Environment/Cumulative Reward,Policy/Extrinsic Reward,Policy/Curiosity Reward,Is Training
25000,1.4189385,0.0,42.5,0.07286303,-0.035419032,-0.9292184297855084,-0.9292184297855084,0.0,1.0
30000,1.4189385,0.0,47.75728155339806,0.060028456,-0.03722154,-0.907225985839529,-0.907225985839529,0.0,1.0
35000,1.4189384,0.0,46.198113207547166,0.06398206,-0.04062286,-0.8066727961149981,-0.8066727961149981,0.0,1.0
40000,1.4189386,0.0,47.72549019607843,0.06596531,-0.036533684,-0.8694462448600497,-0.8694462448600497,0.0,1.0
45000,1.4189719,0.0,47.854838709677416,0.061402604,-0.03551529,-0.776589674680006,-0.776589674680006,0.0,1.0
50000,1.4236761,0.0,48.525,-0.14724207,-0.02974004,-0.8418840063039703,-0.8418840063039703,0.08225295726548541,1.0
55000,1.4236764,0.0,46.95238095238095,-0.14874929,-0.030438904,-0.72012073539484,-0.72012073539484,0.08003212835711355,1.0
60000,1.4236764,0.0,46.8921568627451,-0.1507879,-0.030514708,-0.7485526559758,-0.7485526559758,0.08251972530538645,1.0
65000,1.4236765,0.0,47.00952380952381,-0.14817946,-0.030892842,-0.856583582503455,-0.856583582503455,0.07826285415462085,1.0
