{
    "name": "root",
    "gauges": {
        "9_TestRun_Shooter_Shooter.Policy.Entropy.mean": {
            "value": 1.6336973905563354,
            "min": 1.633697271347046,
            "max": 1.6452244520187378,
            "count": 578
        },
        "9_TestRun_Shooter_Shooter.Environment.EpisodeLength.mean": {
            "value": 8.85,
            "min": 6.62962962962963,
            "max": 21.02173913043478,
            "count": 578
        },
        "9_TestRun_Shooter_Shooter.Policy.ExtrinsicValueEstimate.mean": {
            "value": 0.9370059370994568,
            "min": 0.8662776350975037,
            "max": 0.9477454423904419,
            "count": 578
        },
        "9_TestRun_Shooter_Shooter.Policy.CuriosityValueEstimate.mean": {
            "value": 0.06272155046463013,
            "min": 0.049863025546073914,
            "max": 0.07099726796150208,
            "count": 578
        },
        "9_TestRun_Shooter_Shooter.Environment.CumulativeReward.mean": {
            "value": 0.9907124112634098,
            "min": 0.9762518538369073,
            "max": 0.9930606005769788,
            "count": 578
        },
        "9_TestRun_Shooter_Shooter.Policy.ExtrinsicReward.mean": {
            "value": 0.9907124112634098,
            "min": 0.9762518538369073,
            "max": 0.9930606005769788,
            "count": 578
        },
        "9_TestRun_Shooter_Shooter.Policy.CuriosityReward.mean": {
            "value": 0.004158484390263409,
            "min": 0.0,
            "max": 0.013861001437404551,
            "count": 578
        },
        "9_TestRun_Shooter_Shooter.IsTraining.mean": {
            "value": 1.0,
            "min": 1.0,
            "max": 1.0,
            "count": 578
        },
        "9_TestRun_Shooter_Shooter.Losses.ValueLoss.mean": {
            "value": 0.0009947072248905897,
            "min": 0.0008808646234683692,
            "max": 0.003361812559887767,
            "count": 28
        },
        "9_TestRun_Shooter_Shooter.Losses.PolicyLoss.mean": {
            "value": 0.016177212819457054,
            "min": 0.013568750582635403,
            "max": 0.023048877716064453,
            "count": 28
        },
        "9_TestRun_Shooter_Shooter.Policy.LearningRate.mean": {
            "value": 0.00013869725808035582,
            "min": 0.00013869725808035582,
            "max": 0.0001802185142878443,
            "count": 28
        },
        "9_TestRun_Shooter_Shooter.Losses.CuriosityForwardLoss.mean": {
            "value": 0.04328838363289833,
            "min": 0.04328838363289833,
            "max": 0.08091381937265396,
            "count": 28
        },
        "9_TestRun_Shooter_Shooter.Losses.CuriosityInverseLoss.mean": {
            "value": 0.5117819309234619,
            "min": 0.5117819309234619,
            "max": 0.6199179887771606,
            "count": 28
        }
    },
    "metadata": {
        "timer_format_version": "0.1.0",
        "start_time_seconds": "1591047830",
        "python_version": "3.7.5 (v3.7.5:5c02a39a0b, Oct 14 2019, 18:49:57) \n[Clang 6.0 (clang-600.0.57)]",
        "command_line_arguments": "/Library/Frameworks/Python.framework/Versions/3.7/bin/mlagents-learn trainer_config.yaml --run-id=9_TestRun_Shooter --resume",
        "mlagents_version": "0.16.0",
        "mlagents_envs_version": "0.16.0",
        "communication_protocol_version": "1.0.0",
        "tensorflow_version": "2.2.0",
        "end_time_seconds": "1591048498"
    },
    "total": 667.8711116229999,
    "count": 1,
    "self": 0.0005779839999604519,
    "children": {
        "run_training.setup": {
            "total": 0.007544956000000269,
            "count": 1,
            "self": 0.007544956000000269
        },
        "TrainerController.start_learning": {
            "total": 667.862988683,
            "count": 1,
            "self": 17.369448688999796,
            "children": {
                "TrainerController._reset_env": {
                    "total": 36.797892344000005,
                    "count": 1,
                    "self": 36.797892344000005
                },
                "TrainerController.advance": {
                    "total": 613.3444536340002,
                    "count": 35195,
                    "self": 0.47551550499656514,
                    "children": {
                        "env_step": {
                            "total": 612.8689381290036,
                            "count": 35195,
                            "self": 597.1416303420018,
                            "children": {
                                "SubprocessEnvManager._take_step": {
                                    "total": 15.236120371000112,
                                    "count": 35195,
                                    "self": 1.0995053850007679,
                                    "children": {
                                        "NNPolicy.evaluate": {
                                            "total": 14.136614985999344,
                                            "count": 18077,
                                            "self": 14.136614985999344
                                        }
                                    }
                                },
                                "workers": {
                                    "total": 0.4911874160017291,
                                    "count": 35194,
                                    "self": 0.0,
                                    "children": {
                                        "worker_root": {
                                            "total": 666.164831397997,
                                            "count": 35194,
                                            "is_parallel": true,
                                            "self": 205.716941124995,
                                            "children": {
                                                "run_training.setup": {
                                                    "total": 0.0,
                                                    "count": 0,
                                                    "is_parallel": true,
                                                    "self": 0.0,
                                                    "children": {
                                                        "steps_from_proto": {
                                                            "total": 0.001595920999996281,
                                                            "count": 1,
                                                            "is_parallel": true,
                                                            "self": 0.00018656399998207007,
                                                            "children": {
                                                                "_process_vector_observation": {
                                                                    "total": 0.0014093570000142108,
                                                                    "count": 4,
                                                                    "is_parallel": true,
                                                                    "self": 0.0014093570000142108
                                                                }
                                                            }
                                                        },
                                                        "UnityEnvironment.step": {
                                                            "total": 0.03331592100000336,
                                                            "count": 1,
                                                            "is_parallel": true,
                                                            "self": 0.0005423799999988432,